{
    "APPSTATE_PATH": "./appstate.json",
    "APPSTATE_PROTECTION": false,
    "AUTO_PING_SERVER": true,
    "ALLOW_INBOX": true,
    "DATABASE": "JSON",
    "DATABASE_JSON_BEAUTIFY": true,
    "FCA_OPTIONS": {
        "pauseLog": true,
        "logLevel": "silent",
        "selfListen": true,
        "listenEvents": true,
        "forceLogin": true,
        "userAgent": "Mozilla/5.0 (Linux; Android 9; SM-G973U Build/PPR1.180610.011) AppleWebKit/537.36 (KHTML, like Gecko) Chrome/69.0.3497.100 Mobile Safari/537.36"
    },
    "LANGUAGE": "vi_VN",
    "LOG_LEVEL": 1,
    "MODERATORS": [],
    "ABSOLUTES": [],
    "NAME": "Chjix-War - CHIẾN THẦN SÀN WAR 4.0",
    "PREFIX": "!",
    "timezone": "Asia/Ho_Chi_Minh",
    "REFRESH": "43200000",
    "GBOTWAR_OPTIONS": {
        "WEBVIEW": true,
        "LISTEN_CONSOLE": true,
        "KEY_ACTIVE": ""
    },
    "GBOTWAR_CONFIG": {
        "OTP_KEY": ""
    },
    "GBOTWAR_MESSAGE": {
        "notiWelecome": "Bố tới rồi đây, địt mẹ các con quỳ xuống",
        "notiApprove": "Chjix-War đã được phê duyệt để tham chiến",
        "notiAutoRegBox": "Xin chào bạn đã bị vào tầm ngắm của auto regbox"
    }
}